name,from,address,square_metre,price,total_price,fellesutg,owner?,type,rooms_amount,visning,link
Solheim | Flott 4-roms leilighet med innglasset balkong m. fantastisk utsikt. Varmtvann og sentralvarme ink. i fellesutg,EIE eiendomsmegling Bergen Sentrum,"Solheimslien 14, Bergen",73,2290000,3461240,8819,Andel,Leilighet,3,0,https://www.finn.no/realestate/homes/ad.html?finnkode=311324369
Sandviken - Lekker selveiende toppleilighet med solrik fransk balkong. Meget god planløsning.,Privatmegleren Vest,"Tordenskjolds gate 41, Bergen",30,2590000,2665392,1000,Eier (Selveier),Leilighet,1,"30. juli, kl 11:00",https://www.finn.no/realestate/homes/ad.html?finnkode=311919987
"FJELLSIDEN/STAREFOSSEN - Lekker familiebolig over 2 plan på 130 m2 m/4 sov, 2 stuer, 2 bad. Utmerket beliggenhet. Flott oppusset innvendig i 2020",DNB Eiendom AS,"Nystuveien 20, Bergen",131,7190000,7371092,750,Eier (Selveier),Tomannsbolig,4,"1. august, kl 15:00",https://www.finn.no/realestate/homes/ad.html?finnkode=304630484
KALFARET - Flott 3-roms hjørneleilighet med moderne standard - Solrik terrasse og felles takterrasse - Heis og garasjeplass m/lader,PrivatMegleren Vikebø & Jørgensen,"Kalfarveien 58, Bergen",82,4590000,4639801,4681,Andel,Leilighet,2,"31. juli, kl 15:15",https://www.finn.no/realestate/homes/ad.html?finnkode=305723643
KALFARET - Flott leilighet med god standard i villabygg oppusset i 2012 - Parkering - Lav husleie - Like ved sentrum og Haukeland!,PrivatMegleren Vikebø & Jørgensen,"Kalvedalsveien 3, Bergen",48,3290000,3382892,1000,Eier (Selveier),Leilighet,1,"31. juli, kl 14:00",https://www.finn.no/realestate/homes/ad.html?finnkode=306487369
Landås - Innflytningsklar og lekker studioleilighet i nærheten av Haukeland sykehus | Parkering | Lave bokostnader,Partners Bergen AS,"Nattlandsveien 8, Bergen",22,1800000,1857470,1254,Eier (Selveier),Leilighet,0,"1. august, kl 15:00",https://www.finn.no/realestate/homes/ad.html?finnkode=311850568
Solheimsviken - Tiltalende 3-roms med attraktiv og sentrumsnær beliggenhet. Lave bokostnader og gangavstand til studieinstitusjoner.,PrivatMegleren Vikebø & Jørgensen,"Skrivergaten 36, Bergen",59,3250000,3341892,700,Eier (Selveier),Leilighet,2,"27. juli, kl 14:30",https://www.finn.no/realestate/homes/ad.html?finnkode=311769370
Gyldenpris - Flott 4-roms toppleilighet med fantastisk utsikt | To uteplasser | Ingen forkjøpsrett | Heis | Mulighet for parkering,DNB Eiendom AS,"Gyldenprisveien 45, Bergen",76,3180000,3288132,5733,Andel,Leilighet,3,"26. juli, kl 14:15",https://www.finn.no/realestate/homes/ad.html?finnkode=305715896
"Flott selveiende 2-roms leilighet med god planløsning! Svært sentralt med nærhet til bl.a butikk, bybane og turområder",Krogsveen Fyllingsdalen,"Bøhmergaten 19, Bergen",39,2790000,2860920,1450,Eier (Selveier),Leilighet,1,"1. august, kl 15:00",https://www.finn.no/realestate/homes/ad.html?finnkode=311612065
Kronstad - 3-roms leilighet med sentral beliggenhet | Gangavstand til det meste | Parkeringsplass i felles garasje.,Aktiv Arna & Åsane As,"Asbjørnsens gate 6, Bergen",81,4350000,4497037,4982,Andel,Leilighet,2,"27. juli, kl 16:30",https://www.finn.no/realestate/homes/ad.html?finnkode=301710060
"Møhlenpris - Strøken toppleilighet over to plan. God planløsning med to bad og tre soverom. Kort vei til bl.a. BI, UiB, sentrum.",PrivatMegleren Vikebø & Jørgensen,"Ole Vigs gate 2, Bergen",70,5490000,5637892,1498,Eier (Selveier),Leilighet,3,"26. juli, kl 14:15",https://www.finn.no/realestate/homes/ad.html?finnkode=302424989
Bergen - Pen og sentrumsnær selveierleilighet | Velholdt med moderne kvaliteter | Soverom + kontor | Privat uteplass,PrivatMegleren Åsane,"Claus Fastings gate 2, Bergen",39,3290000,3382892,960,Eier (Selveier),Leilighet,1,"27. juli, kl 15:00",https://www.finn.no/realestate/homes/ad.html?finnkode=311681707
Selveiende toppleilighet i hjertet av Bergen sentrum.,Krogsveen Bergen Sentrum,"Nedre Korskirkeallmenningen 12B, Bergen",43,3500000,3588670,1500,Eier (Selveier),Leilighet,1,"27. juli, kl 14:00",https://www.finn.no/realestate/homes/ad.html?finnkode=311419656
"Damsgårdssundet - Unik mulighet på bryggekanten! Helt ny 4-roms hjørneleilighet med 2 bad, v.rom, stor balkong & privat takterrasse.",KALAND & PARTNERS NYBYGG AS,"Damsgårdsveien 61, Bergen",148,16500000,16913842,3825,Eier (Selveier),Leilighet,3,Visning etter avtale,https://www.finn.no/realestate/homes/ad.html?finnkode=311661496
Innflytningsklar 2- roms leilighet med sentrumsnær beliggenhet | Sjøutsikt | Garasjeplass | Gangavstand til BI og UIB,Himla Eiendomsmegling,"Frydenbølien 12, Bergen",60,2690000,2779870,4399,Andel,Leilighet,1,"27. juli, kl 15:00",https://www.finn.no/realestate/homes/ad.html?finnkode=306463813
"Sentrum | Strøken 3-roms bygårdsleil. Høy stand. & stor terrasse! Blindgate. Bygg oppgradert i 2011, tak 2017. Sentralt!",EIE eiendomsmegling Bergen Sentrum,"Nedre Gartnergaten 3, Bergen",44,3790000,3798010,3496,Andel,Leilighet,2,"27. juli, kl 14:30",https://www.finn.no/realestate/homes/ad.html?finnkode=307215665
"Sydneshaugen - Strøken og lekker bygårdsleilighet med optimal planløsning og moderne kvaliteter! Kort vei til UIB, BI, HVL og NHH!",Aktiv Bergen Sentrum,"Sydneskleiven 28, Bergen",64,4590000,4717792,1320,Eier (Selveier),Leilighet,2,"31. juli, kl 15:00",https://www.finn.no/realestate/homes/ad.html?finnkode=311637524
"Flott 3-roms leilighet på populære Kronstad | Vestvendt altan på 8,5 m² | Peis| Bybane like ved| HVL like utenfor døren!",Eiendomsmegler Vest Landås,"St Halvards vei 27a, Bergen",58,3440000,3699766,3944,Andel,Leilighet,2,"26. juli, kl 15:00",https://www.finn.no/realestate/homes/ad.html?finnkode=306580414
Nær Danmarksplass - Lekker hjørneleilighet over to plan med utsikt og koselig altan! Varmepumpe og peis. Bad fra 2020 - Kort vei til sentrum,Nordvik Bergen Vest,"Hordagaten 48, Bergen",67,2890000,2973492,1000,Eier (Selveier),Leilighet,1,"27. juli, kl 15:15",https://www.finn.no/realestate/homes/ad.html?finnkode=311283568
"Møhlenpris - Herlig bygårdsleilighet i 3. etg m/ store vindusflater, god takhøyde & utmerket planløsning. Like v/ BI & UIB. Bør sees!",W Eiendomsmegling Bergen Sentrum As,"Wessels gate 1C, Bergen",41,3590000,3690607,779,Eier (Selveier),Leilighet,1,"27. juli, kl 14:30",https://www.finn.no/realestate/homes/ad.html?finnkode=311164632
Årstad - Pen 4-roms selveierleilighet med gangavstand til Haraldsplass og Haukeland|Egen utleiedel og mulighet for parkering.,Krogsveen Bergen Sentrum,"Storhaugen 5A, Bergen",73,3990000,4582479,6526,Eier (Selveier),Leilighet,2,"27. juli, kl 14:30",https://www.finn.no/realestate/homes/ad.html?finnkode=299788482
"Gyldenpris - Lys og trivelig studioleilighet - Kort vei til ""alt"" - Ingen dok.avgift - Perfekt for studenter/førstegangskjøpere!",Kaland & Partners - Vestkanten Eiendomsmegling AS,"Lien 28, Bergen",22,1490000,1876032,4813,Andel,Leilighet,0,"27. juli, kl 14:00",https://www.finn.no/realestate/homes/ad.html?finnkode=311619639
Bygårdsdrømmen - Strøken og nyoppusset 3/4-roms leilighet på vakre Møhlenpris. To bad.,Proaktiv Småstrandgaten,"Konsul Børs' gate 15A, Bergen",63,4400000,4879785,6676,Aksje,Leilighet,3,"25. juli, kl 14:30",https://www.finn.no/realestate/homes/ad.html?finnkode=311611284
Kronstad - Flott 2-roms leilighet rett ved bybanestopp og HVL. Vestvendt terrasse | Ingen forkjøpsrett | Lave omkostninger.,Eiendomsmegler Vest Fana,"Inndalsveien 9, Bergen",29,2490000,2498160,2984,Andel,Leilighet,1,"26. juli, kl 15:00",https://www.finn.no/realestate/homes/ad.html?finnkode=311555230
"Flott 3-roms leilighet med attraktiv beliggenhet i Sandviken. Gåavstand til ""alt"" du måtte trenge av servicetilbud mm.",EiendomsMegler 1 Bergen,"Nils Hertzbergs gate 3, Bergen",56,3700000,3793670,0,Eier (Selveier),Leilighet,2,"31. juli, kl 15:30",https://www.finn.no/realestate/homes/ad.html?finnkode=311610285
Kronstad - Stilren 2-roms leilighet med god arealutnyttelse og utgang til vestvendt balkong med flott utsikt og gode solforhold,Krogsveen Bergen Sentrum,"Hunstadsvingen 7B, Bergen",32,2690000,2758420,600,Eier (Selveier),Leilighet,1,"27. juli, kl 15:00",https://www.finn.no/realestate/homes/ad.html?finnkode=311570854
"Danmarksplass - Flott, 5-roms leilighet med sentrumsnær beliggenhet, store gode rom, innglasset balkong og felles takterrasse på 175 kvm",EiendomsMegler 1 Bergen,"Solheimsgaten 60, Bergen",106,2900000,3752925,11543,Andel,Leilighet,4,"26. juli, kl 14:00",https://www.finn.no/realestate/homes/ad.html?finnkode=311517386
Stor og flott 3-roms leilighet med god planløsning og mulighet for garasjeplass! Attraktiv og sentral beliggenhet!,Aktiv Bergen Sentrum,"Nordnesveien 37, Bergen",64,3890000,4451549,6873,Andel,Leilighet,2,"27. juli, kl 16:30",https://www.finn.no/realestate/homes/ad.html?finnkode=305571225
"Laksevåg I Moderne 3-roms med stort bodareal! Stor balkong med sjøutsikt. Sentral beliggenhet, med busstopp like utenfor",EIE eiendomsmegling Bergen Vest,"Jacob Larsens vei 4, Laksevåg",59,2890000,2916410,4400,Andel,Leilighet,2,"26. juli, kl 15:15",https://www.finn.no/realestate/homes/ad.html?finnkode=311576365
Skansen - Lekker leilighet med god standard og nydelig utsikt. Smart planløsning og meget attraktiv og sentral beliggenhet!,Samsolgt by DNB Eiendom,"Claus Fastings gate 29, Bergen",53,3450000,3537592,580,Eier (Selveier),Leilighet,2,"26. juli, kl 15:00",https://www.finn.no/realestate/homes/ad.html?finnkode=311506865
Sentrum - Idyllisk beliggenhet - Lekker leilighet over to plan midt i smørøyet av Bergen sentrum!,Aktiv Bergen Sentrum,"Badstustredet 7, Bergen",61,4990000,5131792,0,Eier (Selveier),Leilighet,4,"30. juli, kl 13:00",https://www.finn.no/realestate/homes/ad.html?finnkode=311423785
"Nordnes - Unik og stilfull 2-roms over to etasjer - Takhøyde på 3,8m på det høyeste - God standard - Nærhet til alt - Må sees!",Kaland & Partners - Torgallmenningen Eiendomsmegling,"Klostergaten 16, Bergen",58,4250000,4367492,210,Eier (Selveier),Leilighet,1,"27. juli, kl 14:30",https://www.finn.no/realestate/homes/ad.html?finnkode=311566731
Sydnes/Sentrum - Nydelig toppleilighet med gode kvaliteter over to plan. Boligen er vesentlig oppgradert i 2018. Herlig balkong!,Nordvik Bergen,"Dokken 8, Bergen",76,5490000,5638492,1730,Eier (Selveier),Leilighet,3,"26. juli, kl 14:30",https://www.finn.no/realestate/homes/ad.html?finnkode=306555005
Damsgård - Moderne 2-roms selveierleilighet oppført i 2017 | Altan og takterrasse | Heis | Lave fellesutgifter | Sentral plassering,PrivatMegleren Vikebø & Jørgensen,"Damsgårdsveien 42, Bergen",39,3490000,3590844,1185,Eier (Selveier),Leilighet,1,"26. juli, kl 14:30",https://www.finn.no/realestate/homes/ad.html?finnkode=311542791
Sentrum - Moderne 2-roms leilighet med attraktiv beliggenhet midt i sentrum |Ingen fellesgjeld / dok. avgift. Heis i bygget.,Krogsveen Bergen Sentrum,"Markeveien 4A, Bergen",41,3120000,3120960,2228,Andel,Leilighet,1,"26. juli, kl 14:30",https://www.finn.no/realestate/homes/ad.html?finnkode=307312538
Møhlenpris - Flott 3-roms selveierleilighet | toppetasje | Sentral plassering i rolig gate | Flere store vinduer.,PrivatMegleren Vikebø & Jørgensen,"Welhavens gate 56, Bergen",58,3990000,4100392,2362,Eier (Selveier),Leilighet,2,"27. juli, kl 14:00",https://www.finn.no/realestate/homes/ad.html?finnkode=307398625
"Årstad | Lekker 3-roms i 2.etg med attraktiv beliggenhet i nydelig gate, nytt tak i 2022, balkong og gode solforhold!",EIE eiendomsmegling Bergen Sentrum,"Nordbø 9, Bergen",60,3690000,3698010,2520,Andel,Leilighet,2,"27. juli, kl 14:30",https://www.finn.no/realestate/homes/ad.html?finnkode=311538451
Bergen sentrum - Pen studioleilighet midt i Bergen sentrum! Perfekt for studenter eller som pendlerbolig! Solrik takterrasse.,EiendomsMegler 1 Bergen,"Christian Michelsens gate 2B, Bergen",13,1890000,2011488,1270,Eier (Selveier),Leilighet,0,"26. juli, kl 16:00",https://www.finn.no/realestate/homes/ad.html?finnkode=306594793
"Nordnes - Lekker og stilren enebolig, smarte løsninger og  herlig beliggenhet. Mulighet for gode leieinntekter-sentralt på Nøstet!",Aktiv Bergen Sentrum,"St. Hansstredet 8, Bergen",81,5450000,5603292,0,Eier (Selveier),Enebolig,3,"30. juli, kl 15:00",https://www.finn.no/realestate/homes/ad.html?finnkode=295707344
Sjarmerende 4-roms leilighet med gjennomgående god kvalitet og kort vei til alt!,Aktiv Bergen Sentrum,"Strømgaten 51, Bergen",82,6990000,7177792,0,Eier (Selveier),Leilighet,3,"27. juli, kl 15:00",https://www.finn.no/realestate/homes/ad.html?finnkode=307415180
Kronstad - Nydelig leilighet med sentral beliggenhet og god standard. Flotte kvaliteter pusset opp i 2016. Kort vei til bybane.,Nordvik Bergen,"Kronstadveien 14, Bergen",38,2750000,2829992,1800,Eier (Selveier),Leilighet,1,"26. juli, kl 14:30",https://www.finn.no/realestate/homes/ad.html?finnkode=307179409
"Lei av å leie? Studentperfekt bygårdsleilighet, med hems, like ved BI og Nygårdshøyden. Klar for overtakelse.",Proaktiv Sandviken,"Borgermester Platous gate 9, Bergen",20,1990000,2049392,2400,Eier (Selveier),Leilighet,0,"25. juli, kl 14:00",https://www.finn.no/realestate/homes/ad.html?finnkode=311510786
"Solheim - Solheim | 3-roms leilighet med høy standard oppgradert i 2021 og 2022 | Stor, solrik balkong | Mye inkl. i fellesutg.!",Eiendomsmegler Vest Bergen Sentrum,"Solheims tverrgate 28, Bergen",87,3990000,4093848,5267,Andel,Leilighet,2,"30. juli, kl 15:15",https://www.finn.no/realestate/homes/ad.html?finnkode=306516826
"Sentrum | Arealeffektiv 2-roms leilighet | Kort vei til ""alt"" | IN-ordning | Mye inkl. i fellesutg.!",Eiendomsmegler Vest Bergen Sentrum,"Sigurds gate 28, Bergen",38,2600000,3401281,9079,Andel,Leilighet,1,"27. juli, kl 14:00",https://www.finn.no/realestate/homes/ad.html?finnkode=306706460
Pen 2-roms leilighet med sentral beliggenhet på Damsgård/Laksevåg. Nært studiesteder.,Eiendomsmegler Vest Bergen Sentrum,"Carl Konows gate 12, Laksevåg",31,2400000,2471670,0,Eier (Selveier),Leilighet,1,"27. juli, kl 14:30",https://www.finn.no/realestate/homes/ad.html?finnkode=311405511
Sandviken - Utsiktsleilighet i et av Bergens fineste nabolag! Felles terrasse med gode solforhold. Enkel tilkomst til studiesteder!,Nordvik Bergen,"Prahls vei 40, Bergen",50,3390000,3487492,1500,Eier (Selveier),Leilighet,2,"27. juli, kl 14:30",https://www.finn.no/realestate/homes/ad.html?finnkode=301911571
"Nordnes - Lys og innholdsrik leilighet på vakre Nordnes | 2 soverom | Kort vei til ""alt"" Bergen sentrum har å tilby.",DNB Eiendom AS,"Strangehagen 20, Bergen",44,3600000,3895941,2986,Eier (Selveier),Leilighet,2,"28. juli, kl 14:00",https://www.finn.no/realestate/homes/ad.html?finnkode=310656436
Sandviken - Meget lys og tiltalende leilighet i nydelig hjørnebygård i herlige Sandviken | 2 soverom | Flott felles bakgårdshage,DNB Eiendom AS,"Kirkegaten 43, Bergen",40,3100000,3285111,1957,Eier (Selveier),Leilighet,2,"27. juli, kl 15:30",https://www.finn.no/realestate/homes/ad.html?finnkode=309879801
"Bergen sentrum - Flott, innholdsrik og godt innredet 3-roms i 3. etasje med balkong. 1 min til busstopp. Gangavstand til sentrumskjernen.",Nordvik Bergen,"Bredalsmarken 12, Bergen",66,3300000,3364201,4753,Andel,Leilighet,2,"27. juli, kl 14:30",https://www.finn.no/realestate/homes/ad.html?finnkode=311421224
Nøstet - Student eller førstegangskjøper? Gå til sentrumskjernen/UIB/BI/trening/butikk på få minutter - Lys og moderne,Kaland & Partners - Torgallmenningen Eiendomsmegling,"St. Hansstredet 26, Bergen",24,1890000,2285136,5667,Andel,Leilighet,0,"26. juli, kl 14:30",https://www.finn.no/realestate/homes/ad.html?finnkode=305581693
Kuben trinn 2 | 4 ledige leiligheter i sjøkanten i Damsgårdssundet | Takterrasse | Byggingen er godt i gang,KALAND & PARTNERS NYBYGG AS,"Damsgårdsveien 91, Bergen",116,11500000,11512662,0,Eier (Selveier),Leilighet,0,Visning etter avtale,https://www.finn.no/eiendom/nybygg/prosjekt?finnkode=270267499&geoLocationName=Bergen&lat=60.3894&lon=5.3300&radius=3000&sort=PUBLISHED_DESC
Perfekt førstegangsleilighet. Arealeffektiv studioleilighet m/sovealkove. 12 min gange til Torgallmenningen,Nordvik Bergen,"Sparresgaten 2, Bergen",25,1950000,2000092,800,Eier (Selveier),Leilighet,0,0,https://www.finn.no/realestate/homes/ad.html?finnkode=311163227
Solheim - Strøken leilighet med utrolig utsikt over Bergen. Nydelig innglasset balkong. Lave omkostninger og ingen forkjøpsrett.,Nordvik Bergen,"Skoglien 33, Bergen",36,1950000,2628111,5447,Andel,Leilighet,0,Visning i dag kl 14:00,https://www.finn.no/realestate/homes/ad.html?finnkode=307427492
"Kalfaret | Flott 3-roms hjørneleilighet med solrik balkong på 8,7 kvm og garasjeplass. Gangavstand til sentrum og bybane",EIE eiendomsmegling Bergen Sør,"Kalfarveien 62, Bergen",77,4790000,4828410,4308,Andel,Leilighet,2,"26. juli, kl 14:30",https://www.finn.no/realestate/homes/ad.html?finnkode=311410520
Nøstet - Nøstet | Flott selveierleilighet med originale detaljer | Nytt kjøkken i 2021,Eiendomsmegler Vest Bergen Sentrum,"Munkelivsgaten 9, Bergen",37,2990000,3074220,1400,Eier (Selveier),Leilighet,1,"26. juli, kl 14:00",https://www.finn.no/realestate/homes/ad.html?finnkode=305748416
"Eie istedenfor leie? Koselig studioleilighet supersentralt like ved bybane, høyskolen og butikk - Varmtvann inkl.",Kaland & Partners - Torgallmenningen Eiendomsmegling,"Bjørnsons gate 28B, Bergen",15,890000,1413907,5281,Aksje,Andre,0,"27. juli, kl 14:30",https://www.finn.no/realestate/homes/ad.html?finnkode=311387345
"Møllendal | Flott leilighet med sentral beliggenhet, balkong, felles takterrasse, mulighet for parkering, IN- ordning!",EIE eiendomsmegling Bergen Sentrum,"Møllendalsveien 4, Bergen",42,2190000,2750794,6591,Andel,Leilighet,0,"26. juli, kl 15:00",https://www.finn.no/realestate/homes/ad.html?finnkode=311382944
Sentrum | Lekker 4-roms toppleilighet med store rom i flott og sentral bygård. Uinnredet loft på 20kvm m/ potensial.,EIE eiendomsmegling Bergen Sør,"Rosenbergsgaten 5, Bergen",82,5490000,5637870,1989,Eier (Selveier),Leilighet,3,"25. juli, kl 15:00",https://www.finn.no/realestate/homes/ad.html?finnkode=311377206
"Nordnes - Supersentral, arealeffektiv og lys 2-roms selveier midt i by´n!", Propr,"Strangebakken 9B, Bergen",20,2500000,2571570,351,Eier (Selveier),Leilighet,1,"25. juli, kl 14:00",https://www.finn.no/realestate/homes/ad.html?finnkode=311374741
Solheimsviken/Damsgårdssundet - Eierleilighet med nydelig utsikt mot Bergen by og Byfjellene. Stor uteplass og sentral beliggenhet i Solheimsviken,DNB Eiendom AS,"Nordre Skogveien 64, Bergen",38,2090000,2143592,300,Eier (Selveier),Leilighet,1,"25. juli, kl 14:30",https://www.finn.no/realestate/homes/ad.html?finnkode=305707070
"Hvorfor leie når man kan eie? Super hybeleilighet på Nordnes. Kort vei til byens studiesteder. 15,5 kvm. gulvflateareal.",Proaktiv Småstrandgaten,"Strandgaten 220, Bergen",12,950000,1134964,2151,Andel,Leilighet,0,"24. juli, kl 14:00",https://www.finn.no/realestate/homes/ad.html?finnkode=311372077
"Solheimsviken - Nydelig 4-roms toppleilighet med sentrumsnær beliggenhet. Balkong, bad fra 2020 og lave bokostnader. 1 min til buss",Nordvik Bergen,"Vikens gate 22, Bergen",70,3590000,3691492,1366,Eier (Selveier),Leilighet,3,"25. juli, kl 14:30",https://www.finn.no/realestate/homes/ad.html?finnkode=311179584
"Danmarksplass - Flott leilighet med bra standard, god planløsning og balkong! Gangavstand til studieinstitusjoner og Bergen sentrum.",Kaland & Partners - Torgallmenningen Eiendomsmegling,"Løbergsveien 4, Bergen",44,2740000,2896032,4604,Andel,Leilighet,1,"26. juli, kl 14:30",https://www.finn.no/realestate/homes/ad.html?finnkode=311347188
Nordnes - LEILIGHET MED 2 SOVEROM I YTRE MARKEVEI,Privat,"Ytre Markevei 37 / KLOKKERSMUGET, Bergen",35,2650000,2675000,680,Eier (Selveier),Leilighet,2,Visning etter avtale,https://www.finn.no/realestate/homes/ad.html?finnkode=55177733
"SANDVIKEN / BERGEN SENTRUM - Lekker eierseksjon med god standard og nydelig utsikt. Tilbaketrukket beliggenhet. Nytt tak, malt fasade 2017.",W Eiendomsmegling Bergen Sentrum As,"Nye Sandviksveien 56C, Bergen",47,2990000,3256316,2273,Eier (Selveier),Leilighet,1,"24. juli, kl 14:30",https://www.finn.no/realestate/homes/ad.html?finnkode=311123529
"Herlig 2-roms eierleilighet i vakre omgivelser. Gangavstand til ""alt"" - Perfekt for førstegangskjøpere og studenter!",Kaland & Partners - Vestkanten Eiendomsmegling AS,"Ladegårdsveiten 18, Bergen",44,2890000,2973492,1400,Eier (Selveier),Leilighet,1,"25. juli, kl 14:30",https://www.finn.no/realestate/homes/ad.html?finnkode=311324975
Solheim | Flott 4-roms leilighet med innglasset balkong m. fantastisk utsikt. Varmtvann og sentralvarme ink. i fellesutg,EIE eiendomsmegling Bergen Sentrum,"Solheimslien 14, Bergen",73,2290000,3461240,8819,Andel,Leilighet,3,"24. juli, kl 16:00",https://www.finn.no/realestate/homes/ad.html?finnkode=311324369
Sentral og lekker leilighet med to soverom i Bergen sentrum | Bygget og leiligheten er totalrenovert 2023 |,Eiendomsmegler Vest,"Håkonsgaten 20, Bergen",48,4250000,4367920,0,Eier (Selveier),Leilighet,2,"25. juli, kl 16:00",https://www.finn.no/realestate/homes/ad.html?finnkode=311310537
Flott 4-roms leilighet med balkong og attraktiv beliggenhet i Bergen sentrum |Bygg og leiligheten er totalrenovert 2023,Eiendomsmegler Vest,"Håkonsgaten 20, Bergen",59,5450000,5597920,0,Eier (Selveier),Leilighet,3,"25. juli, kl 15:00",https://www.finn.no/realestate/homes/ad.html?finnkode=311310038
"Sandviken | Lekker 2-roms leilighet i 5.etg med heis, sjøutsikt, balkong, god takhøyde og IN- ordning!",EIE eiendomsmegling Bergen Sentrum,"Sandviksveien 88, Bergen",51,3990000,4021010,3368,Andel,Leilighet,1,"25. juli, kl 14:30",https://www.finn.no/realestate/homes/ad.html?finnkode=311315406
Bergen sentrum/Nordnes - Utrolig sjarmerende leilighet med funksjonell planløsning. Mye lysinnslipp og fin utsikt. Suveren beliggenhet.,EiendomsMegler 1 Bergen,"Lille Markeveien 27, Bergen",27,2290000,2348420,850,Eier (Selveier),Leilighet,0,"25. juli, kl 14:00",https://www.finn.no/realestate/homes/ad.html?finnkode=311263975
"Møllendal - Et logistikkmessig eventyr, en svømmetur til sentrum og like ved HUS. Bo ""på"" Bybanen. Heis, balkong og takterrasse.",Proaktiv Småstrandgaten,"Møllendalsveien 68C, Bergen",50,3950000,4058392,1820,Eier (Selveier),Leilighet,1,"24. juli, kl 14:00",https://www.finn.no/realestate/homes/ad.html?finnkode=311293743
Landås | Herlig og sentral 4-roms med god standard og bra planløsning. Like ved Haukeland sykehus. Parkering og balkong.,EIE eiendomsmegling Bergen Sør,"Vognstølen 1, Bergen",63,3690000,3791270,250,Eier (Selveier),Leilighet,3,"24. juli, kl 14:30",https://www.finn.no/realestate/homes/ad.html?finnkode=299718951
Minde - Flott 3-roms hjørneleilighet med fin utsikt og god beliggenhet. Bussholdeplass like ved. Nærhet til studieinstitusjoner.,PrivatMegleren Vikebø & Jørgensen,"Kristian Bings vei 7, Bergen",65,2690000,2781435,4500,Aksje,Leilighet,2,"24. juli, kl 15:30",https://www.finn.no/realestate/homes/ad.html?finnkode=311281052
Villa Høye - Urbant leilighetsprosjekt med spennende og historisk arkitektur på ærverdige Høyegaarden. 6 solgt!,PrivatMegleren Vikebø & Jørgensen Nybygg,"Gyldenprisveien 16, Bergen",113,7700000,7707132,0,Andel,Leilighet,0,"26. juli, kl 14:00",https://www.finn.no/eiendom/nybygg/prosjekt?finnkode=307459500&geoLocationName=Bergen&lat=60.3894&lon=5.3300&radius=3000&page=2&sort=PUBLISHED_DESC
Sandviken | Flott og attraktiv leilighet med solrik balkong! 10 min gåtur til sentrum og turmuligheter like utenfor.,EIE eiendomsmegling Bergen Sør,"Repslagergaten 22, Bergen",41,3390000,3485370,2035,Eier (Selveier),Leilighet,2,"25. juli, kl 14:30",https://www.finn.no/realestate/homes/ad.html?finnkode=311278883
Nydelig 3-roms sentralt og skjermet i hjertet av vakre Bergen | Privat balkong | Et steinkast unna alle servicetilbud!,Garanti Eiendomsmegling Bergen,"Lille Øvregaten 28B, Bergen",59,3990000,4090920,0,Eier (Selveier),Leilighet,2,"24. juli, kl 14:30",https://www.finn.no/realestate/homes/ad.html?finnkode=311271301
"Bergen Sentrum - Sjarmerende og arealeffektiv leilighet i et ettertraktet boområde! Innglasset balkong, IN-ordning og felles p-plass",Nordvik Bergen,"Kalfarveien 22, Bergen",35,1900000,2428582,5607,Andel,Leilighet,0,"25. juli, kl 14:30",https://www.finn.no/realestate/homes/ad.html?finnkode=304101679
Nøstet | Lekker leilighet i nyere bygg i sentrum - Felles takterrasse og heis - Gjennomgående god standard,EIE nybygg Bergen,"Baneveien 37, Bergen",30,2990000,3073770,1109,Eier (Selveier),Leilighet,0,"24. juli, kl 15:00",https://www.finn.no/realestate/homes/ad.html?finnkode=311248907
Flott og arealeffektiv 2-roms leilighet med sentral beliggenhet på Nordnes/Nøstet. Gangavstand til bla. BI og UiB.,EiendomsMegler 1 Bergen,"Skottegaten 15, Bergen",37,2290000,2577938,4124,Andel,Leilighet,1,"26. juli, kl 14:00",https://www.finn.no/realestate/homes/ad.html?finnkode=311247696
Minde - Løvstakken - To sentrale 4-roms toppleiligheter med 2 garasjeplasser hver! Flott utsikt mot Ulriken. Kort vei til nytt bybanestopp,KALAND & PARTNERS NYBYGG AS,"Løbergsveien 95 D-F, Bergen",0,0,0,0,Eier (Selveier),Leilighet,3,0,https://www.finn.no/eiendom/nybygg/prosjekt?finnkode=248772561&geoLocationName=Bergen&lat=60.3894&lon=5.3300&radius=3000&page=2&sort=PUBLISHED_DESC
"Kalfaret - Nydelig 2-roms leilighet i nærheten av alt | Balkong, heis og fast garasjeplass | Bybanen og Bergen sentrum like ved.",Kaland & Partners - Torgallmenningen Eiendomsmegling,"Kalfarveien 68, Bergen",52,3490000,3758032,4962,Andel,Leilighet,1,"25. juli, kl 14:30",https://www.finn.no/realestate/homes/ad.html?finnkode=311244465
Sentrum | Lekker 3-roms leilighet med balkong og god planløsning. Heis i bygget og kort vei til alt!,EIE eiendomsmegling Bergen Sentrum,"Lars Hilles gate 11, Bergen",62,3990000,4100370,3317,Eier (Selveier),Leilighet,2,Visning i dag kl 10:30,https://www.finn.no/realestate/homes/ad.html?finnkode=311202857
Perfekt førstegangsleilighet. Arealeffektiv studioleilighet m/sovealkove. 12 min gange til Torgallmenningen,Nordvik Bergen,"Sparresgaten 2, Bergen",25,1950000,2000092,800,Eier (Selveier),Leilighet,0,"24. juli, kl 14:30",https://www.finn.no/realestate/homes/ad.html?finnkode=311163227
"Bergen sentrum - Flott studioleilighet med hems midt i Bergen sentrum | Kort avstand til UiB, BI, og gode bussforbindelser til NHH og HVL",Kaland & Partners - Vestland Eiendomsmegling,"Rosenbergsgaten 40, Bergen",24,2490000,2563492,1106,Eier (Selveier),Leilighet,0,"25. juli, kl 15:00",https://www.finn.no/realestate/homes/ad.html?finnkode=311169387
Sentrum/Nøstet - Knallfin 3-roms med god planløsning i koselig smau. Supersentral beliggenhet med kort vei til UiB og BI.,PrivatMegleren Vikebø & Jørgensen,"Nedre Banesmauet 6, Bergen",38,3190000,3200032,2000,Andel,Leilighet,2,"24. juli, kl 15:15",https://www.finn.no/realestate/homes/ad.html?finnkode=311169197
Kronstad - Sentral 3-roms selveier med solrik balkong rett ved HVL | Attraktiv beliggenhet | Parkering på eiendommen.,PrivatMegleren Vikebø & Jørgensen,"St. Olavs vei 19, Bergen",63,2700000,2778142,1500,Eier (Selveier),Leilighet,2,"25. juli, kl 15:00",https://www.finn.no/realestate/homes/ad.html?finnkode=311166485
Kronstad - Lekker 3-roms leilighet med god beliggenhet rett ved HVL - God standard - Vestvendt balkong - Kort vei til sentrum,PrivatMegleren Vikebø & Jørgensen,"St. Halvards vei 25A, Bergen",59,3450000,3693099,4967,Andel,Leilighet,2,"25. juli, kl 14:30",https://www.finn.no/realestate/homes/ad.html?finnkode=311140656
"Kronstad - Flott 2-roms med sentral beliggenhet | Gangavstand til bybane, butikk og HVL | Varmtvann inkl i fellesutg.",Fana Sparebank Eiendom,"Sivles gate 8, Bergen",26,2090000,2151920,1844,Eier (Selveier),Leilighet,1,"24. juli, kl 14:30",https://www.finn.no/realestate/homes/ad.html?finnkode=311135640
Damsgårdssundet - Moderne og sentrumsnær 2-roms toppleilighet på Damsgårdssundet. Felles takterrasse med gode solforhold!,Kaland & Partners - Torgallmenningen Eiendomsmegling,"Damsgårdsveien 101, Bergen",41,3750000,3862761,1914,Eier (Selveier),Leilighet,1,"24. juli, kl 15:00",https://www.finn.no/realestate/homes/ad.html?finnkode=311134104
Bergen sentrum - Byens flotteste studentbolig? Bo i 1 og lei ut minst 2 soverom. Totalrenovert m/lekre kvaliteter og nærmere 3m takhøyde,Kaland & Partners - Torgallmenningen Eiendomsmegling,"Nygårdsgaten 72C, Bergen",78,5990000,6150992,0,Eier (Selveier),Leilighet,3,"24. juli, kl 16:30",https://www.finn.no/realestate/homes/ad.html?finnkode=306771900
"Damsgård - Nydelig 3-roms leilighet med kort vei til sentrum og studietilbud - 2 store soverom - 2,88 m takhøyde - Parkering",PrivatMegleren Vikebø & Jørgensen,"Damsgårdsveien 170, Laksevåg",60,2890000,2972892,1000,Eier (Selveier),Leilighet,2,Visning i dag kl 12:00,https://www.finn.no/realestate/homes/ad.html?finnkode=311118168
Sentrum/Nøstet - Lekker og arealeffektiv selveierleilighet i rolig og sjarmerende gate. Modernisert i 2017. Gangavstand til UIB og BI.,Krogsveen Bergen Sentrum,"Gamle Nøstegaten 11, Bergen",27,2600000,2666170,494,Eier (Selveier),Leilighet,1,"25. juli, kl 14:30",https://www.finn.no/realestate/homes/ad.html?finnkode=310809587
Sandviken - Nyrenovert tre-roms selveiende toppleilighet med gjennomgående høy standard. Felles terrasse. Gangavstand til sentrum.,Privatmegleren Vest,"Professor Dahls gate 27, Bergen",69,5500000,5648142,0,Eier (Selveier),Leilighet,2,"24. juli, kl 15:00",https://www.finn.no/realestate/homes/ad.html?finnkode=311051621
"Sentrum/Nordnes - Lekker 2-roms leilighet med god beliggenhet i fredelig og bilfri gate ""midt i byn"" - Kort vei til UIB og BI",PrivatMegleren Vikebø & Jørgensen,"Knøsesmauet 21, Bergen",32,2890000,2973492,1252,Eier (Selveier),Leilighet,1,"24. juli, kl 15:15",https://www.finn.no/realestate/homes/ad.html?finnkode=311011998
"Sentrum/Nøstet - Lekker 3-roms leilighet med god standard - Sentral beliggenhet med kort vei til ""alt"" - Gangavstand til UIB og BI",PrivatMegleren Vikebø & Jørgensen,"Nøstegaten 71A, Bergen",44,3490000,3590012,750,Eier (Selveier),Leilighet,2,Visning etter avtale,https://www.finn.no/realestate/homes/ad.html?finnkode=311009352
Sandviken - Knallfin 2-roms i attraktivt nabolag. Kort vei til sentrum og NHH. God planløsning og ekstra takhøyde.,PrivatMegleren Vikebø & Jørgensen,"Aad Gjelles gate 19, Bergen",42,2980000,3004892,2607,Andel,Leilighet,1,"24. juli, kl 14:15",https://www.finn.no/realestate/homes/ad.html?finnkode=310909089
"Lys og fin toppleilighet med et gulvareal på ca. 55 kvm. Nærhet til ""alt"".",PrivatMegleren Vikebø & Jørgensen,"Skrivergaten 29, Bergen",33,2590000,2665992,759,Eier (Selveier),Leilighet,1,"27. juli, kl 16:00",https://www.finn.no/realestate/homes/ad.html?finnkode=310871496
"BERGEN SENTRUM - Meget tiltalende og smakfull 2-roms eierleilighet med herlig beliggenhet i Fjellsiden, like ovenfor sentrumskjernen.",W Eiendomsmegling Bergen Sentrum As,"Fjellgaten 21, Bergen",38,3190000,3280607,854,Eier (Selveier),Leilighet,1,Visning etter avtale,https://www.finn.no/realestate/homes/ad.html?finnkode=310804796
"Nydelig 2-roms med 38 kvm gulvareal, god standard, særpreg, fransk balkong, sjøutsikt og kort vei til alt!",Kaland & Partners - Torgallmenningen Eiendomsmegling,"Nye Sandviksveien 82, Bergen",27,2550000,2624992,200,Eier (Selveier),Leilighet,1,"26. juli, kl 14:00",https://www.finn.no/realestate/homes/ad.html?finnkode=310831193
Sentrum - Praktisk og fin 3-roms leilighet i sjelfull bygård beliggende midt i sentrum. Perfekt for studenter og som utleieobjekt,Eiendomsmegler Vest Åsane Bergen,"Sigurds gate 5, Bergen",47,3890000,3998920,1169,Eier (Selveier),Leilighet,2,Visning etter avtale,https://www.finn.no/realestate/homes/ad.html?finnkode=310810525
Melkeplassen | Romslig 3-roms leilighet m/god planløsning. Balkong med flott utsikt. Heis og fast garasjeplass m/lader!,EIE eiendomsmegling Bergen Sentrum,"Klauvsteinen 101, Fyllingsdalen",96,2990000,3646488,7465,Andel,Leilighet,2,"27. juli, kl 13:00",https://www.finn.no/realestate/homes/ad.html?finnkode=310822324
"Nordnes - Lys og innholdsrik leilighet på vakre Nordnes | 2 soverom | Kort vei til ""alt"" Bergen sentrum har å tilby.",DNB Eiendom AS,"Strangehagen 20, Bergen",44,3600000,3895941,2986,Eier (Selveier),Leilighet,2,0,https://www.finn.no/realestate/homes/ad.html?finnkode=310656436
BERGEN SENTRUM - Attraktiv 2-roms leilighet med god planløsning midt i Bergen sentrum|Nye gulv og malt i 2023|Heis|Ingen dok.avgift.,W Eiendomsmegling Bergen Sentrum As,"Jernbanebakken 3, Bergen",60,3590000,4605,0,Andel,Leilighet,1,"24. juli, kl 15:00",https://www.finn.no/realestate/homes/ad.html?finnkode=310786609
"Dokken | Unik arkitekttegnet 2-roms leilighet med egen balkong, gode solforhold og smarte løsninger - kort vei til alt!",EIE eiendomsmegling Bergen Sentrum,"Torborg Nedreaas' gate 20, Bergen",60,3490000,3676175,4078,Aksje,Andre,1,"27. juli, kl 16:30",https://www.finn.no/realestate/homes/ad.html?finnkode=304617156
En lekker 3-roms leilighet med vestvendt altan | Kort avstand til Sentrum og Haukeland Sykehus| Nydelig utsikt,EiendomsMegler 1 Bergen,"Fløenbakken 6B, Bergen",76,4890000,5010920,369,Eier (Selveier),Leilighet,2,"29. juli, kl 11:30",https://www.finn.no/realestate/homes/ad.html?finnkode=306384458
"Danmarksplass - Lys og trivelig 2-roms rett ved bybane og ""alt"" av fasiliteter",DNB Eiendom AS,"Ibsens gate 24, Bergen",54,2990000,3196485,4200,Aksje,Leilighet,1,Visning etter avtale,https://www.finn.no/realestate/homes/ad.html?finnkode=310471361
"Usedvanlig nydelig 4-roms bygårdsleilighet med moderne kvaliteter, generøs takhøyde og vakre lysforhold. Ingen dok. avg.",Proaktiv Sandviken,"Kong Oscars gate 60, Bergen",64,4300000,4402790,4171,Andel,Leilighet,3,Visning etter avtale,https://www.finn.no/realestate/homes/ad.html?finnkode=310715959
"Mindemyren - Sentral og solrik beliggenhet i Bergen, inntil Solheimsvatnet og nytt parkområde",Selvaag Bolig AS,"Kanalveien 46-48, Bergen",0,0,0,0,Eier (Selveier),Leilighet,3,0,https://www.finn.no/eiendom/nybygg/prosjekt?finnkode=290699508&geoLocationName=Bergen&lat=60.3894&lon=5.3300&radius=3000&page=3&sort=PUBLISHED_DESC
Sandviken | Moderne 2-roms leilighet med nydelig utsikt i et populært område m/gangavstand til sentrum. Lav felleskost!,EIE eiendomsmegling Bergen Sentrum,"Tartargaten 19, Bergen",44,3190000,3280370,1734,Eier (Selveier),Leilighet,1,"27. juli, kl 15:00",https://www.finn.no/realestate/homes/ad.html?finnkode=310687153
Sentrumsnær studioleilighet. Heis i bygget. Ingen forkjøpsrett. Hvorfor leie når du kan eie?,Proaktiv Småstrandgaten,"Møllendalsbakken 2A, Bergen",22,2100000,2111032,2476,Andel,Leilighet,0,Visning etter avtale,https://www.finn.no/realestate/homes/ad.html?finnkode=310654488
MINDE | Sentrumsnær 3-roms leilighet med fantastisk utsikt - Kort avstand til butikk og kollektivtransport.,EiendomsMegler 1 Askøy og Øygarden,"Søndre Skogveien 117B, Bergen",63,2600000,2749983,4000,Aksje,Leilighet,2,"27. juli, kl 15:00",https://www.finn.no/realestate/homes/ad.html?finnkode=310436642
DOKKEN - Innholdsrik 3-roms leilighet med sentral beliggenhet og bra standard. Perfekt for studenten. Ingen dokumentavgift.,Proaktiv Småstrandgaten,"Bredalsmarken 12, Bergen",68,3295000,3352432,4753,Andel,Leilighet,2,Visning etter avtale,https://www.finn.no/realestate/homes/ad.html?finnkode=310644538
KRONSTAD - Lekker 3-roms m/moderne standard + attraktiv beligg. på Kronstad | Fra 2013 | Garasjeplass m/elbillader | IN-ordning!,Partners Bergen AS,"Bjørnsons gate 7, Bergen",66,4200000,5196729,7892,Andel,Leilighet,2,Visning etter avtale,https://www.finn.no/realestate/homes/ad.html?finnkode=310632372
"Sandviken | Rålekker 2-roms leilighet med nærhet til ""alt""! Nyoppusset i 2023 med høy standard! Perfekt førstegangskjøp",EIE eiendomsmegling Bergen Vest,"Søndre Allmenningen 14, Bergen",24,2100000,2192210,1465,Andel,Leilighet,1,Visning etter avtale,https://www.finn.no/realestate/homes/ad.html?finnkode=310612684
Nær Sentrum - Flott 3-roms selveierleilighet med gangavstand til sentrum. Fast parkeringsplass. Oppusset i 2015.,Eiendomsmegler Vest Bergen Sentrum,"Nylundsveien 37B, Laksevåg",50,2490000,2563920,1300,Eier (Selveier),Leilighet,2,Visning etter avtale,https://www.finn.no/realestate/homes/ad.html?finnkode=310552150
Lekker 2-roms leilighet sentralt i Bergen m/kort vei til alt|Gjennomgående gode kvaliteter og smart planløsning|Bakgård,Eiendomsmegler Vest Landås,"Fredrik Meltzers gate 7, Bergen",37,2590000,2819160,4784,Andel,Leilighet,1,Visning i dag kl 12:00,https://www.finn.no/realestate/homes/ad.html?finnkode=265881287
Kuben | Byggingen er godt i gang | Kun 3 ledige på kaipromenaden i Damsgårdssundet | Takterrasse,KALAND & PARTNERS NYBYGG AS,"Damsgårdsveien 91, Bergen",118,11300000,11312762,0,Eier (Selveier),Leilighet,0,Visning etter avtale,https://www.finn.no/eiendom/nybygg/prosjekt?finnkode=262346667&geoLocationName=Bergen&lat=60.3894&lon=5.3300&radius=3000&page=3&sort=PUBLISHED_DESC
Kronstad | Lys og fin 3-roms leilighet med gode kvaliteter fra 2014 og egen uteplass! Beliggenhet rett ved bybanen.,Aktiv Bergen Vest,"Bjørnsons gate 20B, Bergen",52,2890000,3164917,3000,Eier (Selveier),Leilighet,2,"24. juli, kl 15:00",https://www.finn.no/realestate/homes/ad.html?finnkode=310326274
Sentrum / Nordnes - Flott 2-roms i rolig gate på Nordnes. Varmtv. inkl i f.kost. Nytt tak og nye vinduer. Her flytter du rett inn.,Privatmegleren Vest,"Bretterne 1, Bergen",40,3290000,3383492,900,Eier (Selveier),Leilighet,1,Visning etter avtale,https://www.finn.no/realestate/homes/ad.html?finnkode=310357703
"Unik og lekker toppleilighet med hybel i en av byens flotteste gater. Sentralt, skattefri utleie, ingen dok.avg.",PrivatMegleren Vikebø & Jørgensen,"Parkveien 22 A, Bergen",67,4980000,5399215,6563,Andel,Leilighet,1,Visning etter avtale,https://www.finn.no/realestate/homes/ad.html?finnkode=310310078
Moderne og tilbaketrukket leilighet midt i sentrumskjernen | Bygg fra 2005 med heis | Stor bakgård,EiendomsMegler 1 Bergen,"Vestre Torggaten 12A, Bergen",34,2890000,2921068,2735,Andel,Leilighet,1,"29. juli, kl 13:00",https://www.finn.no/realestate/homes/ad.html?finnkode=310281792
Herlig bygårdsleilighet med fine kvaliteter og tak fra 2019. Umiddelbar nærhet til alt Bergen sentrum har å by på!,Kaland & Partners - Torgallmenningen Eiendomsmegling,"Magnus Barfots gate 6, Bergen",58,3750000,3854992,625,Eier (Selveier),Leilighet,1,Visning etter avtale,https://www.finn.no/realestate/homes/ad.html?finnkode=310136783
Damsgård - Flott studioleilighet i byggets toppetasje. Gangavstand til sentrum og studiesteder. Garasjemulighet.,Himla Eiendomsmegling,"Michael Krohns gate 105, Bergen",19,1550000,1830660,4227,Andel,Leilighet,0,"24. juli, kl 14:15",https://www.finn.no/realestate/homes/ad.html?finnkode=310097431
"Damsgård | Strøken leilighet helt i sjøkanten med balkong, nydelig sjøutsikt og felles takterrasse.",EIE eiendomsmegling Bergen Sentrum,"Damsgårdsallmenningen 1, Laksevåg",51,3690000,3792970,1725,Eier (Selveier),Leilighet,1,Visning etter avtale,https://www.finn.no/realestate/homes/ad.html?finnkode=310058922
"Sandviken | Flott 2(3)-roms med god standard og attraktiv beliggenhet. Gangavstand til ""alt""! Ingen dok.avg, IN-ordning.",Aktiv Bergen Vest,"Sandviksveien 49C, Bergen",55,2790000,3209314,6208,Andel,Leilighet,2,"27. juli, kl 16:15",https://www.finn.no/realestate/homes/ad.html?finnkode=302408183
Sandviken | Sentrumsnær 3(4)-roms leilighet med hems. Attraktiv beliggenhet og koselig felles hage med gode solforhold.,EIE eiendomsmegling Bergen Sentrum,"Sandvikstorget 5, Bergen",64,4190000,4303770,647,Eier (Selveier),Leilighet,2,Visning etter avtale,https://www.finn.no/realestate/homes/ad.html?finnkode=310035213
Gyldenpris | Romslig og moderne 4-roms leil. med balkong og nydelig utsikt. Nytt kjøkken i 2022 og kort vei til sentrum!,EIE eiendomsmegling Bergen Sentrum,"Lien 76, Bergen",74,3190000,3575100,5125,Andel,Leilighet,3,"24. juli, kl 15:00",https://www.finn.no/realestate/homes/ad.html?finnkode=310033174
"Laksevåg/Damsgård - Flott og innbyderne leilighet. Herlig balkong med nydelig utsikt, fast parkeringsplass og kort avstand til buss.",Nordvik Bergen,"Herman Grans vei 35, Laksevåg",49,2450000,2522492,725,Eier (Selveier),Leilighet,1,"24. juli, kl 16:30",https://www.finn.no/realestate/homes/ad.html?finnkode=310003571
Solheimsviken - Sentrumsnær 3-roms leilighet med innglasset balkong | Varmtvann/sentralvarme inkl. i felleskostn | Felles takterrasse,Fana Sparebank Eiendom,"Skoglien 35, Bergen",64,1890000,2877930,7569,Andel,Leilighet,2,"24. juli, kl 14:30",https://www.finn.no/realestate/homes/ad.html?finnkode=310026793
Høyden | Flott leilighet med tilhørende hybel i herskapelig bygård. Bo rimelig i en av bergens mest ettertraktede gater!,EIE eiendomsmegling Bergen Sentrum,"Harald Hårfagres gate 33, Bergen",49,3690000,3929889,4535,Andel,Leilighet,0,Visning etter avtale,https://www.finn.no/realestate/homes/ad.html?finnkode=304619612
"Sentral hybelleilighet med gangavstand til Haukeland, Høyskolen og bybanestopp. Stor felles uteplass/terrasse",Garanti Eiendomsmegling Bergen,"Camilla Colletts gate 2, Bergen",19,1850000,1893420,196,Eier (Selveier),Leilighet,0,Visning etter avtale,https://www.finn.no/realestate/homes/ad.html?finnkode=309891744
Attraktiv 3-roms eierleil på idylliske Nordnes | Gangavstand til Bergen sentrum | Sjarmerende beliggenhet i bilfri gate,DNB Eiendom AS,"Strangebakken 9B, Bergen",57,4250000,4357562,542,Eier (Selveier),Leilighet,2,Visning etter avtale,https://www.finn.no/realestate/homes/ad.html?finnkode=309747241
"Nordnes | Nydelig 3-roms i sjarmerende gate med flotte detaljer, peis og balkong! Må ses!",EIE eiendomsmegling Bergen Sentrum,"Skottegaten 22C, Bergen",70,4690000,4816270,1694,Eier (Selveier),Leilighet,2,"27. juli, kl 15:00",https://www.finn.no/realestate/homes/ad.html?finnkode=304548944
Nordnes | Sjarmerende toppleilighet over to plan med god standard i ett av Bergens flotteste strøk. Fin utsikt. Bør sees,EIE eiendomsmegling Bergen Sentrum,"Bretterne 3, Bergen",55,3650000,3766230,2000,Eier (Selveier),Leilighet,1,Visning etter avtale,https://www.finn.no/realestate/homes/ad.html?finnkode=309780182
"Dokken/Møhlenpris - Herlig hjørneleilighet med balkong, utsikt, gode solforhold og fire soverom! Sentrumskjernen og studiesteder like ved.",Kaland & Partners - Torgallmenningen Eiendomsmegling,"Bredalsmarken 16, Bergen",82,4150000,4215682,5588,Andel,Leilighet,4,"24. juli, kl 16:00",https://www.finn.no/realestate/homes/ad.html?finnkode=309753419
NORDNES - Nydelig 3-roms av ypperste klasse i oppusset bygård like ved Nordnesparken | Nyere kjøkken og bad,DNB Eiendom AS,"Abels gate 5, Bergen",47,3700000,3793842,750,Eier (Selveier),Leilighet,2,Visning etter avtale,https://www.finn.no/realestate/homes/ad.html?finnkode=307112982
SANDVIKEN - Flott 2 (3)-roms leil. i ettertraktet område. Koselig felles bakgård. Gangavstand til sentrum og gode bussforbindelser,Eiendomsmegler Vest Fana,"Kirkegaten 26, Bergen",47,3490000,3586720,1710,Eier (Selveier),Leilighet,1,Visning etter avtale,https://www.finn.no/realestate/homes/ad.html?finnkode=291784134
"8 min fra Bergen sentrum - Leilighet med fine kvaliteter. Altan og hage med gode solforhold! Nydelig utsikt. Gangavstand til Sentrum, UiB og BI",Nordvik Bergen Vest,"Svingen 29, Laksevåg",44,2080000,2541369,4092,Andel,Leilighet,1,"25. juli, kl 14:30",https://www.finn.no/realestate/homes/ad.html?finnkode=307060321
Sentrum | Flott beliggende 4-roms leilighet i rolig smau like bak Bryggen. Perfekt for utleie!,EIE eiendomsmegling Bergen Sentrum,"Wesenbergsmauet 14, Bergen",45,3450000,3545270,500,Eier (Selveier),Leilighet,3,Visning etter avtale,https://www.finn.no/realestate/homes/ad.html?finnkode=309731038
KRONSTAD/BRANN STADION - Flott 3-roms leilighet med attraktiv beligg. like ved Brann Stadion! Leie ut rom til en venn? Perfekt for studenten!,Partners Bergen AS,"Gimleveien 69, Bergen",35,2650000,2725070,926,Eier (Selveier),Leilighet,2,Visning etter avtale,https://www.finn.no/realestate/homes/ad.html?finnkode=309675210
Bergen Sentrum - Fjellsiden - Unik mulighet! Klassisk bygård transformeres til moderne leiligheter med gode kvaliteter og en privat hage,Eiendomsmegler Vest,"Bispengsgaten 25, Bergen",0,0,0,0,Eier (Selveier),Leilighet,2,0,https://www.finn.no/eiendom/nybygg/prosjekt?finnkode=264631753&geoLocationName=Bergen&lat=60.3894&lon=5.3300&radius=3000&page=3&sort=PUBLISHED_DESC
SANDVIKEN - Stilfull toppleilighet nyrenovert i 2023. Usjenert takterrasse som bader i sol. Fast parkeringsplass,Eiendomsmegler Vest Bergen Sentrum,"Formanns vei 15B, Bergen",116,7850000,8055720,1197,Eier (Selveier),Leilighet,3,Visning etter avtale,https://www.finn.no/realestate/homes/ad.html?finnkode=297362185
Kalfaret - Eksklusiv 4 roms toppleilighet | Fantastisk utsikt | Innglasset balkong | Heis | Mulighet for garasje,PrivatMegleren Vikebø & Jørgensen Nybygg,"Kalfarveien 20D, Bergen",98,10390000,10449592,2855,Eier (Selveier),Leilighet,3,Visning etter avtale,https://www.finn.no/realestate/homes/ad.html?finnkode=309480579
MØLLENESET - FANTASTISK BELIGGENHET VED STORE LUNGEGÅRDSVANN. 67 NYDELIGE OG ATTRAKTIVE LEILIGHETER! FÅ LEDIGE ENHETER,Aktiv Prosjektmegling ,"Møllendalsveien 64, Bergen",99,11000000,11000000,0,Eier (Selveier),Leilighet,0,Visning etter avtale,https://www.finn.no/eiendom/nybygg/prosjekt?finnkode=309473760&geoLocationName=Bergen&lat=60.3894&lon=5.3300&radius=3000&page=3&sort=PUBLISHED_DESC
"Nygård | Stor 4-roms leilighet midt i sentrum! Meget attraktiv beliggenhet, like ved UIB og BI! Perfekt for studenten!",EIE eiendomsmegling Bergen Sentrum,"Nygårdsgaten 82A, Bergen",80,4890000,5021270,2275,Eier (Selveier),Leilighet,3,Visning etter avtale,https://www.finn.no/realestate/homes/ad.html?finnkode=309417366
"Christinegård | Sjelden og herskapelig Ole Landmark-tegnet perle. Fjordutsikt, peis og 3.4 meter takhøyde. Stor bakgård.",EIE eiendomsmegling Bergen Sentrum,"Heien 25, Bergen",70,6350000,6517770,2502,Eier (Selveier),Leilighet,2,Visning etter avtale,https://www.finn.no/realestate/homes/ad.html?finnkode=306322132
"Bergen sentrum / Kalfaret - Lekker, nyoppført 3 roms eierleilighet med funksjonell planløsning | 8. etasje | Heis | balkong | Bygg av 2023",PrivatMegleren Vikebø & Jørgensen Nybygg,"Kalfarveien 20D, Bergen",85,7990000,8045012,2579,Eier (Selveier),Leilighet,2,Visning etter avtale,https://www.finn.no/realestate/homes/ad.html?finnkode=309239021
BERGEN / ST MARKUS - Leilighet med flott utsikt i borettslag som ble renovert i 2019. To boder og tilknyttet 21 kvm terrasse. Ingen dok.avg., Propr,"Lotheveien 3, Bergen",43,2850000,3325627,4969,Andel,Leilighet,1,Visning etter avtale,https://www.finn.no/realestate/homes/ad.html?finnkode=309198281
Kronstad | Lekker 4-roms toppleilighet med hele 3(4)soverom og 2 bad. Perfekt kollektiv. Nær Bybane og HVL! Må ses!,EIE eiendomsmegling Bergen Sentrum,"Inndalsveien 1A, Bergen",97,3990000,4024259,3390,Andel,Leilighet,3,"26. juli, kl 15:00",https://www.finn.no/realestate/homes/ad.html?finnkode=307119380
Sentrum | Lys og moderne studioleilighet med god planløsning. IN-ordning med mulighet for lave felleskostnader!,EIE eiendomsmegling Bergen Sentrum,"Domkirkeplassen 2B, Bergen",25,1440000,2130010,8368,Andel,Leilighet,0,Visning i dag kl 12:00,https://www.finn.no/realestate/homes/ad.html?finnkode=298829816
Skansen - Lys og moderne 3-roms selveierleilighet med Arealeffektiv planløsning og god standard! Attraktiv og sentral beliggenhet!,Aktiv Bergen Sentrum,"Småskansen 2, Bergen",47,3500000,3744049,2530,Eier (Selveier),Leilighet,2,Visning etter avtale,https://www.finn.no/realestate/homes/ad.html?finnkode=307409939
Nordnes - Strøken 2-romsleilighet fra 2020. Høy standard og moderne kvaliteter. Takterrasser med nydelig utsikt og sol.,Proaktiv Småstrandgaten,"C. Sundts gate 66, Bergen",71,4190000,4198032,3231,Andel,Leilighet,1,Visning etter avtale,https://www.finn.no/realestate/homes/ad.html?finnkode=275012473
"Damsgård - Nydelig 3-roms leilighet med kort vei til sentrum og studietilbud - 2 store soverom - 2,88 m takhøyde - Parkering",PrivatMegleren Vikebø & Jørgensen,"Damsgårdsveien 170, Laksevåg",60,2890000,2972892,1000,Eier (Selveier),Leilighet,2,0,https://www.finn.no/realestate/homes/ad.html?finnkode=311118168
"Danmarksplass - Lekker 3-roms leilighet med 2 bad. Oppgradert 2016. Kort vei til Bybanen, studiesteder og sentrum",Himla Eiendomsmegling,"Skrivergaten 31, Bergen",44,3190000,3279420,750,Eier (Selveier),Leilighet,2,Visning etter avtale,https://www.finn.no/realestate/homes/ad.html?finnkode=309094290
"BERGEN / KROHNVIKEN - Sentrumsnær-Luftig og lys leilighet  og meget  arealeffektiv !Spektakulær utsikt mot Fløyen, Ulriken og Sentrum", Propr,"Skoglien 11, Bergen",25,1990000,2048820,400,Eier (Selveier),Leilighet,0,Visning etter avtale,https://www.finn.no/realestate/homes/ad.html?finnkode=309092198
KRONSTAD - Praktfull 5-roms leilighet i klassisk bygård | Høy 1. etasje | 2 parkeringsplasser | Gangavstand til bybane og butikker.,ZMegleren AS,"Asbjørnsens gate 11, Bergen",115,6490000,6661242,3000,Eier (Selveier),Leilighet,4,"27. juli, kl 14:30",https://www.finn.no/realestate/homes/ad.html?finnkode=309004448
Lekker toppetasje-leilighet med et gulvareal på 66 kvm og nydelig utsikt!,PrivatMegleren Vikebø & Jørgensen,"Vetrlidsallmenningen 25, Bergen",43,3490000,3588492,570,Eier (Selveier),Leilighet,2,"27. juli, kl 14:45",https://www.finn.no/realestate/homes/ad.html?finnkode=308946571
"Stilfull leilighet med nærhet til en rekke utdanningsinstitusjoner, natur og kollektivt. Urbant område under utvikling!",DNB Eiendom AS,"Møllendalsbakken 2A, Bergen",24,2075000,2076132,2299,Andel,Leilighet,0,"24. juli, kl 14:00",https://www.finn.no/realestate/homes/ad.html?finnkode=308727708
"Kronstad - Rålekker, urban 2-roms vesentlig oppusset i 2019/20. Vakker hagedel m/ masse sol! Lave bokostnader i ettertraktet område",Nordvik Bergen Vest,"Gimleveien 41A, Bergen",38,2650000,2727492,825,Eier (Selveier),Leilighet,1,Visning etter avtale,https://www.finn.no/realestate/homes/ad.html?finnkode=307318192
"Sentrum | Lekker 2-roms leilighet med takvinduer, uteplass og felles takterrasse. God standard. Nærhet til ""alt""!",EIE eiendomsmegling Bergen Sør,"Sigurds gate 17, Bergen",45,2690000,2908332,4807,Andel,Leilighet,1,Visning etter avtale,https://www.finn.no/realestate/homes/ad.html?finnkode=295015960
Danmarksplass - Meget flott og moderne 2-roms selveierleilighet. Kort vei til studiesteder. Oppusset i 2011.,Eiendomsmegler Vest Bergen Sentrum,"Sygnagaten 1, Bergen",38,2500000,2574170,750,Eier (Selveier),Leilighet,1,"26. juli, kl 14:30",https://www.finn.no/realestate/homes/ad.html?finnkode=308845538
"Sentrum | Strøken 2-roms i hjertet av Bergen, fullstendig pusset opp i 2020, gode kvaliteter og praktisk planløsning",EIE eiendomsmegling Bergen Sentrum,"Håkonsgaten 16, Bergen",51,3590000,3688770,1210,Eier (Selveier),Leilighet,1,"24. juli, kl 15:30",https://www.finn.no/realestate/homes/ad.html?finnkode=308730939
Møhlenpris - Innbydende 2-roms selveier med sentral beliggenhet | 4.etg | Heis | Innglasset balkong | P-plass | Felles Takterrasse.,DNB Eiendom AS,"O.J. Brochs gate 18, Bergen",48,3850000,3947592,2033,Eier (Selveier),Leilighet,1,Visning i dag kl 11:30,https://www.finn.no/realestate/homes/ad.html?finnkode=308597979
Nordnes - Lys og arealeffektiv leilighet med gjennomgående god standard. Kort avstand til studiesteder og mye inkl. i felleskost.,Nordvik Bergen,"Strandgaten 225, Bergen",37,2490000,2548436,2449,Andel,Leilighet,1,Visning etter avtale,https://www.finn.no/realestate/homes/ad.html?finnkode=308146754
Kronstad | Attraktiv studioleilighet | Rett ved Høyskolen og Bybane | Varmtvann og internett inkl. | Perfekt for student,Fana Sparebank Eiendom,"Bjørnsons gate 28B, Bergen",19,990000,1516504,5281,Aksje,Leilighet,0,"26. juli, kl 14:30",https://www.finn.no/realestate/homes/ad.html?finnkode=304654471
2-roms med garasje og lekker utsikt |  Meget sentral og lave kostnader | Perfekt for studenter og førstegangskjøpere,Nordic Bolig Bergen,"Søndre Skogveien 37A, Bergen",28,2380000,2448320,500,Eier (Selveier),Leilighet,1,Visning etter avtale,https://www.finn.no/realestate/homes/ad.html?finnkode=308210250
Unik studioleilighet midt i smørøyet! Perfekt førstegangskjøp. Lave mnd. kostnader. Ingen dokumentavgift.,Himla Eiendomsmegling,"Skivebakken 19, Bergen",15,1550000,1588756,3352,Andel,Leilighet,0,"26. juli, kl 14:15",https://www.finn.no/realestate/homes/ad.html?finnkode=308257669
Høyden - Herlig bygårdsleilighet i rolige omgivelser på Høyden. Sentral beliggenhet og mulighet for utleie!,Aktiv Bergen Sentrum,"Fosswinckels gate 38, Bergen",139,10500000,10775542,2396,Eier (Selveier),Leilighet,3,Visning etter avtale,https://www.finn.no/realestate/homes/ad.html?finnkode=308158542
Spennende bolig med 3 leiligheter og gode utleiemuligheter | Urban beliggenhet | Balkonger |,Eigedomsmekling Sogn Og Fjordane As - Avd. Bergen,"Lindebergsmauet 2, Bergen",225,10900000,11185842,0,Eier (Selveier),Enebolig,0,Visning etter avtale,https://www.finn.no/realestate/homes/ad.html?finnkode=308237602
Sentrum - Sentralt beliggende 2-roms eierleilighet i smaubebyggelse like ved Fløybanen,Krogsveen Bergen Sentrum,"Øvre Hamburgersmauet 2C, Bergen",52,2940000,3014670,225,Eier (Selveier),Leilighet,1,Visning etter avtale,https://www.finn.no/realestate/homes/ad.html?finnkode=273130308
"Dokken - Særdeles attraktiv leilighet med balkong, sjøutsikt og heis! Vesentlig oppgradert i 2020. Mulighet for et ekstra rom",Nordvik Bergen,"Torborg Nedreaas' gate 20, Bergen",60,3450000,3639343,4441,Aksje,Leilighet,1,Visning etter avtale,https://www.finn.no/realestate/homes/ad.html?finnkode=308016938
"Pen 3- roms leilighet, like sør for sentrum. Gangavstand til studiestedet, sentrum og Haukeland sykehus.",Proaktiv Småstrandgaten,"Møllendalsbakken 2A, Bergen",57,3190000,3198032,3988,Andel,Leilighet,2,Visning etter avtale,https://www.finn.no/realestate/homes/ad.html?finnkode=308033217
"Møhlenpris | Super 3-roms leilighet med stor, solrik balkong. Meget attraktivt område og heis i bygget.",EIE eiendomsmegling Bergen Sentrum,"Konsul Børs' gate 35, Bergen",76,4890000,5188827,4418,Eier (Selveier),Leilighet,2,Visning etter avtale,https://www.finn.no/realestate/homes/ad.html?finnkode=308013458
Sentrum | Stor og flott 4-roms bygårdsleilighet midt i smørøyet! Perfekt for studenten med gode utleiemuligheter.,EIE eiendomsmegling Bergen Sentrum,"Neumanns gate 16, Bergen",84,5250000,5504726,2100,Eier (Selveier),Leilighet,3,Visning etter avtale,https://www.finn.no/realestate/homes/ad.html?finnkode=308000634
"SOLHEIM - Toppleilighet over 2 plan med balkong | Eksklusiv bruksrett på garasje | Kort vei til BI, UiB, HVL og sentrum.",ZMegleren AS,"Rogagaten 49, Bergen",97,4100000,4211492,2000,Eier (Selveier),Leilighet,2,"26. juli, kl 14:30",https://www.finn.no/realestate/homes/ad.html?finnkode=307938885
Nordnes - Romantisk kveldstur i Nordnesparken. Morgenbad i Nordnes sjøbad. Klassisk bygårdsleilighet som garantert vil begeistre!,Proaktiv Småstrandgaten,"Tidemands gate 1, Bergen",85,5400000,5548396,1200,Eier (Selveier),Leilighet,2,"27. juli, kl 15:00",https://www.finn.no/realestate/homes/ad.html?finnkode=307918954
Fjellsiden/Starefossen - Halvpart av tomannsbolig i populært område | Flere uteplasser med flott utsikt | 2 Parkeringsplasser| Hybel i u.etg,DNB Eiendom AS,"Nystuveien 31A, Bergen",143,7990000,8191092,0,Eier (Selveier),Tomannsbolig,0,Visning etter avtale,https://www.finn.no/realestate/homes/ad.html?finnkode=307861683
"Solheimsviken - Arealeffektiv og sentrumsnær 3-roms leilighet. Balkong. Like ved Damsgårdssundet, butikk og buss.",Himla Eiendomsmegling,"Vikens gate 22, Bergen",49,2850000,2922420,1201,Eier (Selveier),Leilighet,2,Visning etter avtale,https://www.finn.no/realestate/homes/ad.html?finnkode=307873552
"Danmarksplass - Sentrumsnær 3-roms leilighet over to plan med to romslige soverom, pent kjøkken og kort vei til alt! Ingen dok.avgift.",Kaland & Partners - Torgallmenningen Eiendomsmegling,"Rogagaten 11G, Bergen",75,2790000,2964482,4200,Andel,Leilighet,2,"27. juli, kl 14:00",https://www.finn.no/realestate/homes/ad.html?finnkode=301931908
Kronstad - Innholdsrik leilighet med felles parkering og uteplass. Like ved Bybanen og HVL. Ekstra kontor.,Himla Eiendomsmegling,"Bjørnsons gate 21, Bergen",60,3290000,3491290,2500,Eier (Selveier),Leilighet,1,Visning etter avtale,https://www.finn.no/realestate/homes/ad.html?finnkode=307429970
Idylliske Sandviken - Nydelig townhouse over tre plan med moderne kvaliteter i skjønn harmoni med ærverdige detaljer. Her vil du bo!,Proaktiv Småstrandgaten,"Repslagergaten 19E, Bergen",56,4290000,4410646,1000,Eier (Selveier),Leilighet,1,Visning etter avtale,https://www.finn.no/realestate/homes/ad.html?finnkode=307373598
Laksevåg - Nyoppusset leilighet med sentral beliggenhet - Balkong på 4m² - To stuer - Nydelig utsikt mot byfjorden og byfjellene,Kaland & Partners - Torgallmenningen Eiendomsmegling,"Fyllingsveien 20, Laksevåg",64,2990000,3075992,0,Eier (Selveier),Leilighet,1,Visning etter avtale,https://www.finn.no/realestate/homes/ad.html?finnkode=307320029
Årstad - Meget pen 3 roms i praktfull murgård. Sørvendt og solrik balkong. Renovert i 2012 med god standard.,DNB Eiendom AS,"Lappen 19, Bergen",66,4190000,4296092,750,Eier (Selveier),Leilighet,2,Visning etter avtale,https://www.finn.no/realestate/homes/ad.html?finnkode=303411129
BERGEN SENTRUM - Romslig 3-r leilighet med balkong i hjertet av Bergen Sentrum. Varmtvann inkl. i husleien.,W Eiendomsmegling Bergen Sentrum As,"Jonas Reins gate 5, Bergen",59,4225500,4346307,3507,Eier (Selveier),Leilighet,2,Visning etter avtale,https://www.finn.no/realestate/homes/ad.html?finnkode=267756555
Supersentral 3- romsleilighet. Gangavstand til alt av studiesteder. Nytt bad i 2023. Solrik uteplass.,Proaktiv Småstrandgaten,"Bredalsmarken 1, Bergen",66,3000000,3283661,5064,Andel,Leilighet,2,"26. juli, kl 14:00",https://www.finn.no/realestate/homes/ad.html?finnkode=307197797
"Kronstad - Like ved Høgskolen i Bergen. - Lys og stilfull 3-roms med solrik balkong. Kort vei til utdanningsinstitusjoner Bybanen, Bergen sentrum og byfjellene.",DNB Eiendom AS,"St. Olavs vei 55, Bergen",63,3150000,3447140,5100,Andel,Leilighet,2,Visning etter avtale,https://www.finn.no/realestate/homes/ad.html?finnkode=306943471
"Sentrum - Gågaten | Strøken 3-roms med nyere kjøkken, god standard og optimal planløsning.",EIE eiendomsmegling Bergen Sentrum,"Strandgaten 58, Bergen",74,4250000,4365270,1694,Eier (Selveier),Leilighet,2,Visning etter avtale,https://www.finn.no/realestate/homes/ad.html?finnkode=307080705
"Solheimsviken - Pen 2-roms leilighet med sentrumsnær beliggenhet. Balkong med flott utsikt. Like ved BI, buss og butikk!",Himla Eiendomsmegling,"Nordre Skogveien 71, Bergen",48,3090000,3176920,1000,Eier (Selveier),Leilighet,1,Visning etter avtale,https://www.finn.no/realestate/homes/ad.html?finnkode=306920184
"Kronstadparken | Svært påkostet toppleilighet fra 2022. Stor balkong, to garasjeplasser m/lading. Heis i bygget.",EIE eiendomsmegling Bergen Sentrum,"Inger Bang Lunds vei 9, Bergen",143,12990000,13323770,3550,Eier (Selveier),Leilighet,3,Visning etter avtale,https://www.finn.no/realestate/homes/ad.html?finnkode=297045600
Sandviken - Meget attraktivt bolighus med 3 hybler. God standard. Sentrumsnært.,Aktiv Laguneparken,"Ladegårdsveiten 14, Bergen",220,10900000,11213642,0,Eier (Selveier),Enebolig,5,Visning etter avtale,https://www.finn.no/realestate/homes/ad.html?finnkode=299277369
"Bergen Sentrum - Toppleilighet midt i Bergen sentrum ved kinoen! ""alt"" rett utenfor døren, og samtidig tilbaketrukket i rolig bakgård.",Krogsveen Bergen Sentrum,"Sverres gate 24B, Bergen",54,3850000,3953435,3022,Eier (Selveier),Leilighet,2,Visning etter avtale,https://www.finn.no/realestate/homes/ad.html?finnkode=306438277
Møhlenpris - Stilren 3-roms leilighet med sentrumsnær beliggenhet på populære Møhlenpris! Nyoppusset i 2022 med flotte kvaliteter!,Nordic Bolig Bergen,"Konsul Børs gate 15, Bergen",63,3200000,3684175,6884,Aksje,Leilighet,2,Visning etter avtale,https://www.finn.no/realestate/homes/ad.html?finnkode=303023772
3-roms eierleilighet m/egen uteplass i supersentral bygård. Unik leil. med originale detaljer. Gate med lite trafikk.,Kaland & Partners - Torgallmenningen Eiendomsmegling,"Rosenbergsgaten 4, Bergen",54,3490000,3588492,1200,Eier (Selveier),Leilighet,1,Visning i dag kl 12:15,https://www.finn.no/realestate/homes/ad.html?finnkode=306268782
Fjellsiden | Ærverdig villa i attraktivt strøk | Praktfulle sol- og utsiktsforhold | Hage |Flere uteplasser| Garasje,DNB Eiendom AS,"Washingtons vei 10, Bergen",265,12900000,13223842,0,Eier (Selveier),Enebolig,4,Visning etter avtale,https://www.finn.no/realestate/homes/ad.html?finnkode=305708735
DAMSGÅRD | Flott 3-roms selveierleilighet med meget sentral beliggenhet. Stort loftsrom!,Eiendomsmegler Vest Bergen Sentrum,"Carl Konows gate 49, Laksevåg",63,2990000,3076420,1650,Eier (Selveier),Leilighet,2,Visning etter avtale,https://www.finn.no/realestate/homes/ad.html?finnkode=305805583
Damsgård - Lekker 3-roms eierleilighet ved bryggekanten i Damsgårdssundet | Mulighet for kjøp av båtplass | Parkering i nabobygg,Kaland & Partners - Vestland Eiendomsmegling,"Damsgårdsveien 41, Bergen",87,7100000,7296511,2910,Eier (Selveier),Leilighet,2,Visning etter avtale,https://www.finn.no/realestate/homes/ad.html?finnkode=305724251
Landås - Rekkehus med gode sol- og utsiktsforhold | Garasje | Hage og terrasse,Fana Sparebank Eiendom,"Lægdesvingen 72 C, Bergen",117,5990000,6154220,0,Eier (Selveier),Rekkehus,3,Visning etter avtale,https://www.finn.no/realestate/homes/ad.html?finnkode=302907592
Sandviken - Frittliggende og meget sjarmerende enebolig med idyllisk parkområde som nærmeste nabo og Sandvikstorget rett over gaten.,DNB Eiendom AS,"Sandviksveien 43B, Bergen",75,5200000,5331342,0,Eier (Selveier),Enebolig,2,Visning etter avtale,https://www.finn.no/realestate/homes/ad.html?finnkode=305582715
Laksevåg | Rålekker sentral 4-roms leilighet med høy standard! Nyoppusset i 2023. Balkong med flott utsikt! IN-ordning.,EIE eiendomsmegling Bergen Vest,"Vågedalen 33, Laksevåg",91,2290000,3738633,11201,Andel,Leilighet,3,Visning etter avtale,https://www.finn.no/realestate/homes/ad.html?finnkode=305524966
Nordnes | Sjarmerende leil m/god planløsning og fine oppgraderinger! Mulighet for parkering og gåavstand til sentrum,EIE eiendomsmegling Bergen Sentrum,"Strandgaten 204, Bergen",35,2890000,2971270,1359,Eier (Selveier),Leilighet,1,Visning etter avtale,https://www.finn.no/realestate/homes/ad.html?finnkode=305491824
SANDVIKEN / BREISTØLEN - Nydelig 3-roms utsiktsleilighet | Stor vestvendt terrasse med optimale solforhold | Nyere kjøkken | Peis | Høyt og fritt,DNB Eiendom AS,"Breistølen 36, Bergen",65,3890000,3988592,1500,Eier (Selveier),Leilighet,2,Visning etter avtale,https://www.finn.no/realestate/homes/ad.html?finnkode=274515364
Bergen sentrum / Kalfaret - Nyoppført og meget moderne 3 roms eierleil. i 6.etasje. Innglasset balkong med gode solforhold og nydelig utsikt.,PrivatMegleren Vikebø & Jørgensen Nybygg,"Kalfarveien 20D, Bergen",79,7990000,8031662,2395,Eier (Selveier),Leilighet,2,Visning etter avtale,https://www.finn.no/realestate/homes/ad.html?finnkode=256037041
STORHAUGEN / ÅRSTAD - Vakker og sjelden useksjonert eiendom med to store leiligheter. Mulighet for gode leieinntekter. Fasjonabelt område.,Eiendomsmegler Vest Nesttun,"Storhaugen 19, Bergen",210,14500000,14851770,0,Eier (Selveier),Enebolig,6,Visning etter avtale,https://www.finn.no/realestate/homes/ad.html?finnkode=303273770
Minde - Flott 3-roms hjørneleilighet med fin utsikt og god beliggenhet. Bussholdeplass like ved. Nærhet til studieinstitusjoner.,PrivatMegleren Vikebø & Jørgensen,"Kristian Bings vei 7, Bergen",65,2690000,2781435,4500,Aksje,Leilighet,2,0,https://www.finn.no/realestate/homes/ad.html?finnkode=311281052
Bergen Sentrum - Innholdsrik og romslig toppleilighet over 2 plan med loftstue og tilhørende takterrasse sentralt i Bergen sentrum,Krogsveen Bergen Sentrum,"Johannes Bruns gate 4, Bergen",108,6250000,6407420,1890,Eier (Selveier),Leilighet,2,Visning etter avtale,https://www.finn.no/realestate/homes/ad.html?finnkode=302098646
Stor nyoppusset selveierleilighet på Laksevåg - Flott utsikt!,EIE eiendomsmegling Fagerborg,"Lille Damsgårdsveien 44A, Laksevåg",90,3800000,3904020,1688,Eier (Selveier),Leilighet,3,Visning etter avtale,https://www.finn.no/realestate/homes/ad.html?finnkode=301948124
Damsgårdssundet |  Parkeringsplass med el-bil lader. Månedsabonnoment på lading. Nærhet til flere boligkompleks.,EIE eiendomsmegling Bergen Sør,"Damsgårdsveien 40, Bergen",0,400000,411370,562,Eier (Selveier),Garasje/Parkering,0,Visning etter avtale,https://www.finn.no/realestate/homes/ad.html?finnkode=301652020
Kronstad | Lys og modernisert toppleilighet med populær beliggenhet. Felles parkeringsplass for sameiet.,EIE eiendomsmegling Bergen Sentrum,"Hunstadsvingen 7, Bergen",60,3490000,3586270,1200,Eier (Selveier),Leilighet,3,Visning etter avtale,https://www.finn.no/realestate/homes/ad.html?finnkode=271542767
"Smakfull, splitter ny 4-roms penthouse fra 2021 med vestvendt takterrasse på 75 kvm. Heis og mulighet for p-plass.",PrivatMegleren Vikebø & Jørgensen Nybygg,"Fabrikkgaten 7B, Bergen",111,10990000,11046110,4905,Eier (Selveier),Leilighet,3,Visning etter avtale,https://www.finn.no/realestate/homes/ad.html?finnkode=238840766
"Sandviken | Stor 5-romsleilighet, ypperlig for studenter. Lei ut rom og bo billig! God standard, nærme NHH, UIB og BI!",EIE eiendomsmegling Bergen Sentrum,"Nye Sandviksveien 56, Bergen",88,4490000,4841532,5531,Andel,Leilighet,4,Visning etter avtale,https://www.finn.no/realestate/homes/ad.html?finnkode=299404379
Damsgårdsveien: Garasjeplass i Skarven Sameie Parkering - plass nr. 54 i Multiparkeringsanlegg.,Proaktiv Sandviken,"Damsgårdsveien 50, Bergen",0,300000,308842,599,Eier (Selveier),Andre,0,Visning etter avtale,https://www.finn.no/realestate/homes/ad.html?finnkode=291699427
Bergen/Sandviken - Leilighet over 2 plan i et rolig boligstrøk. Kort vei til sentrum og til flotte fjellturer i Stoltzen / Fløyen.,DNB Eiendom AS,"Øvre Sandviksveien 7, Bergen",72,3600000,3691342,512,Eier (Selveier),Leilighet,2,Visning etter avtale,https://www.finn.no/realestate/homes/ad.html?finnkode=272110744
Mølleneset: Prosjektert 3-roms leilighet med attraktiv beliggenhet i sjøkanten med gode solforhold.,Aktiv Prosjektmegling ,"Møllendalsveien 64 - C-303, Bergen",74,7950000,1998,0,Eier (Selveier),Leilighet,2,Visning etter avtale,https://www.finn.no/realestate/homes/ad.html?finnkode=280409706
Årstad - Garasjeplass nær Haukeland sykehus m opplegg for EL-lader og fjernstyrt åpner,Privat,"Nattlandsveien 8, Bergen",12,300000,308085,250,Eier (Selveier),Garasje/Parkering,0,Visning etter avtale,https://www.finn.no/realestate/homes/ad.html?finnkode=274017140
Verftet - Familie-Hus på Verftet / Nordnes til salgs,Privat,"Verftsmuget 3, Bergen",150,7800000,7825000,0,Eier (Selveier),Enebolig,5,0,https://www.finn.no/realestate/homes/ad.html?finnkode=202416533
